checkpoint,layer,head,dla_contribution
1000M,8,0,-0.1346608903259039
10M,8,0,1.860375050455332e-06
200M,8,0,-0.0829766197130084
50M,8,0,0.001466077635996
